burden,measure
health,practices,changes
burden,measure
early
burden,measure
burden,measure
burden,measure
burden,measure
early
early
early
early
early
early
early
early
early
early
burden,measure
burden,measure
burden,measure
burden,measure
early
epidemiological,research
burden,measure
burden,measure
burden,measure
burden,measure
burden,measure
burden,measure
early
early
clinical,describe,disease
early
burden,measure
burden,measure
burden,measure
early
early
information,sharing
burden,measure
early
early
burden,measure
early
burden,measure
early
early
early
early
early
early
burden,measure
burden,measure
burden,measure
early
early
early
early
early
early
early
early
burden,measure
information,sharing
burden,measure
early
early
burden,measure
program,evaluation,guide
early
early
burden,measure
early
early
burden,measure
burden,measure
early
early
burden,measure
early
early
burden,measure
burden,measure
burden,measure
burden,measure
burden,measure
burden,measure
burden,measure
information,sharing
information,sharing
early
burden,measure
burden,measure
burden,measure
technology
early
early
early
early
burden,measure
early
burden,measure
early
early
burden,measure
burden,measure
burden,measure
early
burden,measure
early
burden,measure
early
burden,measure
health,practices,changes
early
burden,measure
burden,measure
early
burden,measure
burden,measure
burden,measure
early
burden,measure
burden,measure
early
burden,measure
burden,measure
burden,measure
burden,measure
burden,measure
burden,measure
burden,measure
burden,measure
burden,measure
early
program,evaluation,guide
burden,measure
burden,measure
epidemiological,research
epidemiological,research
burden,measure
epidemiological,research
burden,measure
clinical,describe,disease
epidemiological,research
epidemiological,research
burden,measure
early
burden,measure
burden,measure
burden,measure
early
burden,measure
early
burden,measure
burden,measure
burden,measure
epidemiological,research
burden,measure
burden,measure
burden,measure
burden,measure
burden,measure
burden,measure
burden,measure
clinical,describe,disease
burden,measure
information,sharing
burden,measure
early
burden,measure
burden,measure
burden,measure
burden,measure
burden,measure
early
burden,measure
early
burden,measure
early
epidemiological,research
health,practices,changes
health,practices,changes
early
early
early
early
early
burden,measure
early
early
early
burden,measure
burden,measure
burden,measure
technology
early
epidemiological,research
program,evaluation,guide
burden,measure
early
early
early
technology
burden,measure
early
burden,measure
burden,measure
technology
early
epidemiological,research
burden,measure
burden,measure
burden,measure
burden,measure
burden,measure
technology
early
early
burden,measure
burden,measure
burden,measure
early
health,practices,changes
