partial,us
us
us
us
us
us
partial,us
us
global
partial,us
partial,us
global
us
partial,us
global
global
global
partial,us
us
us
partial,us
canada
us
us
us
us
us
partial,us
us
us
partial,us
partial,us
us
denmark
us
us
us
global
us
us
us
us
partial,us
us
us
global
us
global
us
us
kingdom,united
asia
us
us
us
partial,us
us
us
global
union,european
union,european
union,european
union,european
union,european
union,european
union,european
sweden
us
kingdom,united
us
us
us
global
us
us
us

netherlands
global
global
global
global
global
global
global
global
global
global
global
global
global
global
global
global
union,european
us
global
us
global
k,u
indonesia
us
us
partial,us
us
us
indonesia
global
us
us
us
global
partial,us
partial,us
us
union,european
us
us
global
us
us
australia
us
us
partial,us
us
us
us
us
us
us
us
us
kingdom,united
us
partial,us
partial,us
partial,us
america
us
us
partial,us
us
us
us
us
us
us
partial,us
us
us
us
us
us
us
us
us
us
us
us
us
us
us
us
us
us
us
us
us
us
us
partial,us
us
us
us
us
partial,us
us
partial,us
global
global
us
us
partial,us
global
global
us
kingdom,united
partial,us
global
us
partial,us
partial,us
us
indonesia
partial,us
global
partial,us
us
us
italy
global
canada
us
partial,us
us
us
us
us
global
us
global
us
us
us
us
us
global
us
us
us
canada,us
us
global
us
